{
    "Modules": {
        "...MASTER...": {
            "start_perf": [
                0.35532188415527344,
                0.182916,
                0.042263000000000002,
                288072,
                301336,
                1668401422.0357389,
                1062100030218512
            ],
            "child_modules": {
                "std": 1,
                "glbl": 1,
                "nextpc_tb": 1
            },
            "end_perf": [
                0.37270188331604004,
                0.182916,
                0.047195000000000001,
                289572,
                301336,
                1062100080564981,
                0,
                0
            ],
            "nQuads": 0,
            "nRouts": 5,
            "nMops": 0
        },
        "std": {
            "num_classes": 6,
            "start_perf": [
                0.37287402153015137,
                0.183007,
                0.047278000000000001,
                289572,
                301336,
                1668401422.0532911,
                1062100081002315
            ],
            "svclass": [
                "$vcs_nba_dyn_obj",
                0,
                35,
                2,
                2,
                0,
                0,
                "sigprop$$",
                0,
                35,
                2,
                2,
                0,
                0,
                "process",
                0,
                200,
                8,
                8,
                0,
                0,
                "event",
                0,
                34,
                2,
                2,
                0,
                0,
                "mailbox",
                0,
                140,
                9,
                9,
                0,
                0,
                "semaphore",
                0,
                84,
                5,
                5,
                0,
                0
            ],
            "child_modules": {},
            "Compiled": "Yes",
            "nQuads": 218,
            "Compiled Times": 46,
            "end_perf": [
                0.38952803611755371,
                0.189724,
                0.047718000000000003,
                289604,
                301336,
                1062100129241627,
                0,
                0
            ],
            "nRouts": 33,
            "nMops": 528
        },
        "glbl": {
            "start_perf": [
                0.38961386680603027,
                0.189724,
                0.047798,
                289604,
                301336,
                1668401422.0700309,
                1062100129411229
            ],
            "child_modules": {},
            "nQuads": 254,
            "Compiled": "Yes",
            "nRouts": 44,
            "nMops": 442,
            "Compiled Times": 46,
            "end_perf": [
                0.39394688606262207,
                0.19322500000000001,
                0.048587999999999999,
                289604,
                301336,
                1062100141986657,
                6558714723584943783,
                0
            ]
        },
        "nextpc_tb": {
            "start_perf": [
                0.3939979076385498,
                0.19326699999999999,
                0.048599000000000003,
                289604,
                301336,
                1668401422.074415,
                1062100142074125
            ],
            "child_modules": {},
            "nQuads": 418,
            "Compiled": "Yes",
            "nRouts": 46,
            "nMops": 895,
            "Compiled Times": 5,
            "end_perf": [
                0.4131770133972168,
                0.20494899999999999,
                0.049758999999999998,
                292300,
                301336,
                1062100197658824,
                14214459811,
                0
            ]
        }
    },
    "CompUnits": {
        "upwWR_d": {
            "mod": "nextpc_tb",
            "out": "upwWR_d.o",
            "bytes": 26004,
            "text": 8087,
            "mode": 4,
            "checksum": 0,
            "archive": "archive.45/_480_archive_1.a"
        }
    },
    "reusePaths": {
        "amcQw_d": {
            "icPath": "csrc"
        },
        "reYIK_d": {
            "icPath": "csrc"
        },
        "WZg7r_d": {
            "icPath": "csrc"
        }
    },
    "ObjArchives": [
        {
            "archive": "archive.45/_480_archive_1.a",
            "objects": [
                [
                    "upwWR_d.o",
                    26004
                ],
                [
                    "amcQwB.o",
                    103706
                ]
            ],
            "size": 129710
        }
    ],
    "stat": {
        "ru_self_end": {
            "ru_maxrss_kb": 119988,
            "ru_utime_sec": 0.209649,
            "ru_nivcsw": 9,
            "ru_majflt": 0,
            "ru_stime_sec": 0.054271,
            "ru_minflt": 11118,
            "ru_nvcsw": 401
        },
        "ru_childs_end": {
            "ru_maxrss_kb": 23352,
            "ru_utime_sec": 0.001217,
            "ru_nivcsw": 0,
            "ru_majflt": 0,
            "ru_stime_sec": 0.003705,
            "ru_minflt": 202,
            "ru_nvcsw": 4
        },
        "cpu_cycles_end": 1062100273471261,
        "peak_mem_kb": 301336
    }
}